variable,label,role,type,unit,source,years,construction,script
geocode,,,,,,,,
municipality,,,,,,,,
state,,,,,,,,
state_abbreviation,,,,,,,,
year,,,,,,,,
ppcdam_list,,,,,,,,
forest_area_km2,,,,,,,,
deforestation_area_km2,,,,,,,,
deforestation_forest_rate,,,,,,,,
bf_families_n,,,,,,,,
bf_quota,,,,,,,,
bf_transfers_total_brl_2024,,,,,,,,
bf_transfers_avg_brl_2024,,,,,,,,
bf_families_quota_ratio,,,,,,,,
bf_transfers_pea_brl_2024,,,,,,,,
bf_transfers_quota_brl_2024,,,,,,,,
emp_pia_rate_total,,,,,,,,
emp_pia_rate_agric,,,,,,,,
emp_pia_rate_low,,,,,,,,
emp_pia_rate_mid,,,,,,,,
emp_pia_rate_high,,,,,,,,
emp_share_low_workers,,,,,,,,
emp_share_mid_workers,,,,,,,,
emp_share_high_workers,,,,,,,,
emp_share_agri_low_workers,,,,,,,,
emp_share_agri_mid_workers,,,,,,,,
emp_share_agri_high_workers,,,,,,,,
emp_share_agri_workers,,,,,,,,
pea,,,,,,,,
informal,,,,,,,,
population,,,,,,,,
gdp_brl,,,,,,,,
gdp_per_capita,,,,,,,,
gdp_per_capita_log,,,,,,,,
gdp_brl_2024,,,,,,,,
gdp_per_capita_2024,,,,,,,,
gdp_per_capita_2024_log,,,,,,,,
elec_enc,,,,,,,,
elec_mov,,,,,,,,
elec_winner_share,,,,,,,,
elec_n_candidates,,,,,,,,
elec_winner_party,,,,,,,,
elec_winner_id,,,,,,,,
elec_competitive,,,,,,,,
elec_uncontested,,,,,,,,
election_year,,,,,,,,
munic_area_km2,,,,,,,,
crop_soy_area_planted_km2,,,,,,,,
crop_corn_area_planted_km2,,,,,,,,
crop_rice_area_planted_km2,,,,,,,,
crop_cotton_area_planted_km2,,,,,,,,
crop_soy_munic_area_share,,,,,,,,
crop_corn_munic_area_share,,,,,,,,
crop_rice_munic_area_share,,,,,,,,
crop_cotton_munic_area_share,,,,,,,,
cattle_heads,,,,,,,,
cattle_per_km2,,,,,,,,
price_index_crop,,,,,,,,
price_index_cattle,,,,,,,,
price_index_crop_lag1,,,,,,,,
price_index_crop_z,,,,,,,,
price_index_crop_lag1_z,,,,,,,,
price_index_cattle_z,,,,,,,,
price_index_cattle_lag1_z,,,,,,,,
elec_enc_gov,,,,,,,,
elec_mov_gov,,,,,,,,
elec_winner_share_gov,,,,,,,,
elec_n_candidates_gov,,,,,,,,
elec_winner_party_gov,,,,,,,,
elec_winner_id_gov,,,,,,,,
elec_competitive_gov,,,,,,,,
elec_uncontested_gov,,,,,,,,
bf_transfers_pc_brl_2024,,,,,,,,
pressure_defor,,,,,,,,
pressure_agri,,,,,,,,
pressure_score,,,,,,,,
avail_ok,,,,,,,,
at_risk_broad,,,,,,,,
at_risk_narrow,,,,,,,,
ppcdam_main,,,,,,,,
ppcdam_robust,,,,,,,,
ppcdam_ever_full,,,,,,,,
defor_norm_ref0003,,,,,,,,
defor_norm_ref0007,,,,,,,,
log_forest_exposure,,,,,,,,
