year,ipca_index,ipca_deflator
1994,1016.46,6.99
1995,1244.23,5.71
1996,1363.24,5.21
1997,1434.46,4.95
1998,1458.20,4.87
1999,1588.56,4.47
2000,1683.47,4.22
2001,1812.65,3.92
2002,2039.78,3.48
2003,2229.49,3.18
2004,2398.92,2.96
2005,2535.40,2.80
2006,2615.05,2.72
2007,2731.62,2.60
2008,2892.86,2.45
2009,3017.59,2.35
2010,3195.89,2.22
2011,3403.73,2.09
2012,3602.46,1.97
2013,3815.39,1.86
2014,4059.86,1.75
2015,4493.17,1.58
2016,4775.70,1.49
2017,4916.46,1.44
2018,5100.61,1.39
2019,5320.25,1.33
2020,5560.59,1.28
2021,6120.04,1.16
2022,6474.09,1.10
2023,6773.27,1.05
2024,7100.50,1.00